,Feature,Values
1,hist_ctr,0.0271528871299
5,is_query,0.382661163016
6,ads_shown,0.503198315138
7,user_clicks,0.292575411535
8,user_impressions,-0.00104065010468
9,is_user_logged_on,-0.0574159226893
